{
    "order": [
        {
            "id": "folder-1",
            "folder_name": "Dokumenty",
            "path": "/path/to/folder/Dokumenty",
            "description": "Folder zawierający ważne dokumenty i raporty z lat 2022 i 2023."
        },
        {
            "id": "folder-2",
            "folder_name": "Zdjęcia",
            "path": "/path/to/folder/Zdjęcia",
            "description": "Folder ze zdjęciami z wakacji i innych ważnych wydarzeń."
        },
        {
            "folder_id": "1",
            "file_name": "Raport_2024.pdf",
            "path": "/path/to/file/Raport_2024.pdf",
            "description": "Wszystkie najważniejsze dane i statystyki na temat wydajności w 2024 roku."
        },
        {
            "folder_id": "1",
            "file_name": "Podsumowanie.txt",
            "path": "/path/to/file/Podsumowanie.txt",
            "description": "Krótki przegląd i podsumowanie dokumentów."
        },
        {
            "folder_id": "2",
            "file_name": "Wakacje.jpg",
            "path": "/path/to/file/Wakacje.jpg",
            "description": "Zdjęcie z wakacji nad morzem w 2023 roku."
        },
        {
            "folder_id": "2",
            "file_name": "Zdjęcie_z_imprezy.png",
            "path": "/path/to/file/Zdjęcie_z_imprezy.png",
            "description": "Wspaniałe wspomnienia z imprezy urodzinowej."
        }
    ]
}
